fecha,CO,NO,NO2,NOX,O3,PM10,PM25,SO2
2019-01-01,0.6424190800681431,12.617142857142856,22.36394557823129,35.44190476190476,38.94038748137109,93.45858585858586,63.27860696517413,4.6160409556314
2019-01-02,0.5339820359281438,18.812080536912752,29.93082706766917,49.37919463087248,23.56578947368421,63.88981288981289,33.84422110552764,7.147321428571429
2019-01-03,0.7152108433734939,33.60304054054054,38.1355421686747,72.82263513513513,24.9221635883905,65.09940357852882,27.566585956416464,4.555878084179971
2019-01-04,0.6563444108761329,28.825127334465197,35.659541984732826,65.3225806451613,31.62883845126836,66.97987927565393,30.995073891625616,3.6103703703703705
2019-01-05,0.5477341389728096,18.575551782682517,32.806354009077154,52.078098471986415,36.80317040951123,69.78167641325535,35.7458432304038,5.65597667638484
2019-01-06,0.5347826086956522,14.843071786310515,29.89120715350224,45.26043405676127,34.11357702349869,54.395793499043975,27.44158878504673,4.4479768786127165
2019-01-07,0.6046075085324232,27.521484375,30.459130434782608,58.630859375,31.830645161290324,61.94140625,26.41176470588235,3.465546218487395
2019-01-08,0.5199095022624435,24.80743243243243,32.756024096385545,57.8597972972973,26.829931972789115,58.559288537549406,22.89030612244898,2.6881405563689604
2019-01-09,0.4485133020344288,19.306878306878307,26.02190923317684,45.40917107583774,26.283098591549297,54.72379032258065,26.824146981627297,10.574886535552194
2019-01-10,0.3230529595015576,6.323426573426573,22.785381026438568,29.67832167832168,29.952247191011235,47.05672268907563,23.853107344632768,3.611694152923538
2019-01-11,0.4604651162790698,20.020942408376964,25.294573643410853,45.96858638743456,30.90566037735849,50.39186295503212,23.943661971830984,2.874439461883408
2019-01-12,0.4517774343122102,13.40983606557377,26.184764991896277,39.88706739526412,26.549618320610687,49.53914988814318,30.546546546546548,7.904836193447738
2019-01-13,0.2152014652014652,2.9742063492063493,14.294871794871796,17.567460317460316,27.967576791808877,25.78869778869779,19.978658536585368,1.1484098939929328
2019-01-14,0.2902086677367576,9.189565217391303,19.11111111111111,28.469565217391303,19.83982035928144,34.83813747228381,21.217910447761195,8.162287480680062
2019-01-15,0.513144758735441,23.695652173913043,26.178631051752923,50.552536231884055,23.92537313432836,53.85587583148559,29.87888198757764,9.8816
2019-01-16,0.459083728278041,18.545787545787547,25.71521035598705,45.0054945054945,29.130496453900708,56.539906103286384,30.593333333333334,6.738931297709923
2019-01-17,0.5190705128205129,21.33159722222222,27.95833333333333,50.01215277777778,24.410919540229884,57.14634146341464,30.56626506024097,12.364197530864198
2019-01-18,0.4795681063122923,21.52882703777336,25.124125874125877,47.26838966202784,25.1244094488189,47.40631578947369,23.983193277310924,7.31294964028777
2019-01-19,0.4629824561403509,20.660455486542443,24.29304029304029,45.24430641821946,28.012738853503183,47.05263157894737,23.553763440860216,4.646643109540636
2019-01-20,0.3075734157650696,4.551724137931035,18.90048154093098,23.693284936479127,27.56267409470752,37.10135135135136,21.941011235955056,8.673374613003096
2019-01-21,0.7079545454545455,28.044036697247705,34.35075885328836,63.54862385321101,28.324599708879184,56.479729729729726,26.299145299145295,12.846526655896607
2019-01-22,0.6009463722397477,27.098591549295776,30.8496835443038,58.186619718309856,28.932944606413997,58.568329718004335,21.08264462809917,2.123100303951368
2019-01-23,0.5346394984326018,25.939929328621908,27.650470219435736,54.215547703180206,24.988338192419825,48.34419551934827,18.496,2.829153605015674
2019-01-24,0.5673170731707318,29.157009345794396,25.422885572139304,55.20560747663552,19.88431061806656,53.02691511387164,20.4585635359116,2.0065040650406503
2019-01-25,0.5618444846292947,28.46123260437376,24.36823104693141,53.34990059642147,24.287112561174556,48.70883534136546,18.94736842105263,2.36695652173913
2019-01-26,0.42272,19.333913043478265,20.621329211746524,40.28869565217392,21.386648122392213,43.28635346756152,17.296296296296298,2.0770416024653318
2019-01-27,0.2620528771384137,6.229020979020979,15.972049689440992,22.554195804195803,29.185385656292286,27.19450317124736,13.124031007751938,3.794294294294294
2019-01-28,0.5018838304552591,18.757522123893807,25.712715855573,44.91681415929204,27.49931787175989,49.67157894736842,19.69920844327177,2.4216133942161338
2019-01-29,0.5578947368421052,22.912739965095987,27.48062015503876,50.84816753926702,33.86388140161725,58.80232558139535,24.2125748502994,3.234328358208955
2019-01-30,0.3996638655462184,17.261569416498993,22.574204946996467,40.30784708249497,28.047832585949177,42.1570796460177,14.52,3.3544093178036607
2019-01-31,0.5554730983302412,28.065217391304348,25.5736137667304,54.27391304347826,27.32792207792208,44.53472222222222,17.330555555555556,1.5974955277280858
2019-02-01,0.613781512605042,27.99618320610687,29.75925925925926,58.34160305343512,26.221739130434784,54.642857142857146,19.80453257790368,1.7124394184168013
2019-02-02,0.5593373493975904,21.90608695652174,31.234930448222567,53.899130434782606,34.737127371273715,61.38054968287526,29.103448275862068,4.307692307692308
2019-02-03,0.4973186119873817,11.580701754385965,27.605919003115265,39.76491228070176,39.080601092896174,57.71030042918455,26.782493368700266,3.626771653543307
2019-02-04,0.4267628205128205,11.592391304347826,26.15544871794872,38.4963768115942,37.10416666666666,53.87865168539326,25.324468085106385,3.415064102564102
2019-02-05,0.6041095890410959,22.935897435897434,32.63314711359404,56.30769230769231,36.55864197530864,64.10643564356435,30.07887323943662,4.891696750902527
2019-02-06,0.6425818882466281,24.906382978723403,33.78799249530957,59.90425531914894,42.888888888888886,73.46993318485524,32.59154929577465,2.9606003752345216
2019-02-07,0.5163636363636364,21.98828125,30.070205479452056,52.68359375,39.17533432392273,74.58465011286681,30.45689655172414,4.053264604810996
2019-02-08,0.214657980456026,5.627490039840637,17.905923344947734,23.709163346613547,25.664670658682635,46.5974025974026,19.253602305475503,2.484033613445378
2019-02-09,0.294516129032258,11.71584699453552,20.057971014492757,32.11657559198543,23.1972027972028,45.936974789915965,22.77127659574468,6.674418604651163
2019-02-10,0.3651438240270727,11.107078039927403,20.44694533762058,32.099818511796734,32.373198847262245,44.38936170212766,19.858666666666668,5.428792569659443
2019-02-11,0.4911764705882352,18.813905930470348,25.121863799283155,44.65439672801636,36.24679487179487,55.625,24.487323943661973,3.010327022375215
2019-02-12,0.4292775665399239,21.16176470588235,22.96103896103896,44.21008403361345,27.41569282136895,64.51619433198381,26.19628647214854,4.517543859649122
2019-02-13,0.4071786310517529,11.769662921348315,26.938144329896907,39.50561797752809,21.432900432900432,52.17857142857143,30.663978494623656,9.945945945945946
2019-02-14,0.5809446254071661,27.08421052631579,24.647727272727277,52.54736842105263,27.4180790960452,46.14408602150537,26.398255813953487,1.5
2019-02-15,0.5870065789473684,24.176678445229683,27.632279534109816,52.54240282685512,32.36219336219336,52.74568965517241,23.07536231884058,1.6714060031595577
2019-02-16,0.4693418940609952,18.4808362369338,25.03846153846154,44.35714285714285,34.66955266955267,54.27484143763213,22.94900849858357,2.454404945904173
2019-02-17,0.3489533011272142,9.636363636363637,18.66725978647687,28.94063079777365,30.17425431711146,43.80513918629551,16.823863636363637,1.374384236453202
2019-02-18,0.5458413926499033,26.20250521920668,24.316,51.41127348643006,24.144827586206898,53.16666666666666,18.405228758169933,1.811175337186898
2019-02-19,0.4129032258064516,25.005281690140844,18.77195945945946,44.438380281690144,17.975290697674417,41.3448275862069,12.66896551724138,1.3376623376623376
2019-02-20,0.4715890850722311,32.76132404181185,17.066129032258065,50.18292682926829,14.503457814661134,40.50797266514807,14.875432525951558,1.5625
2019-02-21,0.3041335453100159,18.982788296041303,12.872408293460923,32.07917383820998,13.78048780487805,35.25474254742547,11.592105263157896,1.1915966386554622
2019-02-22,0.463265306122449,28.83531409168081,17.06761006289308,46.227504244482176,14.843971631205674,39.445916114790286,12.98951048951049,1.5463743676222597
2019-02-23,0.3958268933539413,21.91166077738516,17.32843137254902,39.57950530035336,23.331378299120235,41.35119047619048,16.714285714285715,5.340314136125654
2019-02-24,0.2587921847246892,5.315487571701721,15.738053097345134,21.22944550669216,27.802884615384617,30.944099378881987,16.5141065830721,2.1053639846743293
2019-02-25,0.4842923794712286,18.56020066889632,22.153488372093022,41.39297658862876,21.790794979079497,38.83195020746888,21.794561933534744,1.846774193548387
2019-02-26,0.4978260869565217,25.19495798319328,22.70139968895801,48.49075630252101,21.90014064697609,36.59713701431493,16.661585365853657,1.7733118971061093
2019-02-27,0.4568595041322314,25.878734622144112,23.295081967213115,49.42706502636204,24.774381368267832,38.81057268722467,14.839228295819936,1.5570469798657718
2019-02-28,0.5556856187290969,29.07020872865275,29.257391304347827,59.15370018975332,32.67579250720461,50.66736842105263,20.134328358208958,2.6387959866220734
2019-03-01,0.5775167785234899,22.68,29.03703703703704,52.73714285714286,34.89900426742532,57.67510548523207,27.02902374670185,3.605815831987076
2019-03-02,0.4230019493177387,15.065843621399177,23.27504553734062,39.22633744855967,45.14218009478673,52.65031982942431,24.742105263157896,2.2695810564663024
2019-03-03,0.3894295302013423,9.04861111111111,22.242283950617285,32.095486111111114,41.43724696356275,47.17819706498952,22.232375979112277,2.265432098765432
2019-03-04,0.4396648044692737,19.132075471698112,26.166101694915252,46.00188679245283,26.343065693430656,50.191283292978206,19.04191616766467,3.900662251655629
2019-03-05,0.5566137566137567,32.7568093385214,23.98976109215017,57.58560311284047,29.385630498533725,46.0,20.53799392097265,2.844262295081968
2019-03-06,0.4314529914529914,24.023391812865498,23.789383561643834,48.85575048732944,27.277382645803694,45.103370786516855,22.347457627118644,7.827586206896552
2019-03-07,0.4558528428093645,21.116089613034625,26.180357142857144,48.5173116089613,36.408071748878925,49.602222222222224,24.26178010471204,3.2243150684931505
2019-03-08,0.4616412213740458,20.705882352941178,24.820143884892087,46.12576064908722,37.04361873990307,49.61733615221987,23.057071960297765,2.076635514018692
2019-03-09,0.3754590984974958,14.184347826086956,23.4064914992272,38.25391304347826,41.94189189189189,55.303983228511534,27.87901234567901,2.031055900621118
2019-03-10,0.3635634028892456,7.796521739130434,20.823529411764707,29.25217391304348,40.65181058495822,57.242171189979125,29.68888888888889,4.3353941267387945
2019-03-11,0.4102990033222591,14.091760299625468,24.146864686468646,38.92322097378277,38.52949852507375,61.83599088838269,27.393939393939394,4.084158415841584
2019-03-12,0.3670886075949367,15.379858657243815,23.18110236220473,39.09363957597173,26.888260254596887,55.67056074766355,24.419098143236077,6.674050632911392
2019-03-13,0.4191735537190083,18.86023622047244,21.743500866551127,41.3996062992126,33.55299539170507,56.077803203661325,22.12562814070352,1.8762886597938144
2019-03-14,0.4451438848920863,16.489320388349515,23.7439446366782,41.300970873786405,41.76287051482059,62.72,27.82716049382716,2.6089965397923875
2019-03-15,0.3077044025157233,6.956081081081081,19.919818456883508,27.152027027027028,35.27310924369748,63.5,28.67076167076167,6.579029733959311
2019-03-16,0.3399688958009331,10.361344537815128,20.147147147147148,30.95798319327731,26.76170212765957,52.36652542372882,22.635235732009924,6.191358024691358
2019-03-17,0.3623255813953488,7.857859531772576,21.19133034379671,29.59030100334448,32.41239892183288,49.3875,28.754299754299755,12.620689655172416
2019-03-18,0.2226006191950464,6.265442404006678,15.51641791044776,22.24707846410685,25.222371967654983,40.570194384449245,19.768447837150127,9.125373134328358
2019-03-19,0.3264309764309764,14.232472324723249,19.089700996677745,33.89114391143912,22.59512937595129,44.266958424507656,19.84496124031008,7.422110552763819
2019-03-20,0.3155009451795841,15.87374749498998,18.87010676156584,35.51703406813628,33.96416938110749,48.19956140350877,20.9765625,9.247723132969035
2019-03-21,0.2816358024691358,7.089887640449438,20.62446043165468,28.136436597110755,29.4921875,45.302,23.66046511627907,10.288690476190476
2019-03-22,0.3797029702970297,14.665573770491804,21.399408284023668,36.50163934426229,25.143042912873863,41.66112266112266,18.02173913043478,2.860643185298622
2019-03-23,0.3168614357262103,11.366500829187396,20.12462908011869,32.059701492537314,31.215864759427827,39.81236203090508,18.31443298969072,1.9291217257318956
2019-03-24,0.2655448717948718,6.278846153846154,17.05603448275862,23.89102564102564,41.88383838383838,39.57746478873239,19.18457943925233,2.376488095238096
2019-03-25,0.3083735909822866,14.48892674616695,21.30182926829268,36.38500851788756,35.46031746031746,43.01422764227642,14.848557692307692,1.3412322274881516
2019-03-26,0.2909574468085106,14.129770992366412,19.88347826086957,34.60687022900763,36.82440476190476,42.72489082969432,12.572115384615383,2.045217391304348
2019-03-27,0.2713128038897893,9.913884007029877,19.31201248049922,29.90861159929701,30.829172141918527,41.70454545454545,16.78846153846154,4.691338582677165
2019-03-28,0.3302652106084243,13.300335570469798,23.937125748502996,38.00503355704698,31.502551020408163,44.03874092009685,19.76982097186701,10.210526315789474
2019-03-29,0.5024844720496895,19.26981450252951,29.925979680696663,50.11804384485666,40.83397190293742,60.62577962577963,30.115942028985508,3.013533834586466
2019-03-30,0.4396899224806201,10.38860971524288,25.78787878787879,37.003350083752096,49.05316455696202,69.06639839034206,35.510588235294115,2.265671641791045
2019-03-31,0.2578052550231839,2.200348432055749,18.58796992481203,21.125435540069688,51.743725231175695,60.1394422310757,33.58700696055684,12.41588785046729
2019-04-01,0.3016427104722792,7.95816733067729,19.361774744027304,28.260956175298805,44.1870170015456,55.667391304347824,27.31619537275064,3.27027027027027
2019-04-02,0.35,14.325463743676222,25.09869375907112,39.70489038785835,37.3573264781491,56.886,27.21361502347418,6.562700964630225
2019-04-03,0.3201376936316695,13.084602368866328,21.42752562225476,34.87986463620982,36.24246395806029,55.39879759519038,27.00941176470588,1.4626391096979332
2019-04-04,0.3094570928196147,8.024518388791593,22.709145427286355,31.581436077057795,45.511780104712045,55.61244979919679,31.802380952380958,1.7156704361873991
2019-04-05,0.3345323741007194,8.507964601769912,24.895865237366003,34.05663716814159,38.12,56.394009216589865,32.95786516853933,1.5526315789473684
2019-04-06,0.3056569343065693,7.922794117647059,22.35220125786164,30.954044117647054,36.79779917469051,49.36016949152543,28.575197889182057,1.4677966101694917
2019-04-07,0.3182572614107883,9.163346613545816,17.133105802047783,26.768924302788843,43.60149253731343,44.51774530271399,24.887728459530027,1.2720588235294117
2019-04-08,0.3229755178907721,7.595667870036101,21.79230769230769,29.870036101083038,42.34270414993306,52.09050772626932,32.27945205479452,5.117940199335548
2019-04-09,0.2376893939393939,6.898550724637682,18.60896445131376,25.9981884057971,39.51547779273217,34.31190476190476,17.985507246376812,1.7888707037643208
2019-04-10,0.3787072243346007,16.514285714285716,23.92682926829268,41.25892857142857,49.47560975609756,48.87527839643653,24.918539325842698,1.8232323232323235
2019-04-11,0.335304347826087,14.702608695652174,21.01043219076006,36.14086956521739,46.18010752688172,59.1140350877193,23.052785923753667,1.4859038142620231
2019-04-12,0.3174,14.775590551181102,21.30308219178082,36.44685039370079,43.14243323442137,61.87846481876333,23.166666666666668,1.321969696969697
2019-04-13,0.3054794520547945,7.103030303030304,18.9896013864818,26.608080808080807,49.379154078549846,48.211087420042645,22.63903743315508,1.1572815533980585
2019-04-14,0.4335559265442404,7.926956521739131,21.84500745156483,30.18260869565217,50.09647979139505,75.18958333333333,44.36482939632546,4.372909698996655
2019-04-15,0.3695945945945946,10.85740072202166,24.764615384615382,36.518050541516246,47.369127516778526,76.85987261146497,40.53846153846154,12.771331058020476
2019-04-16,0.2894295302013422,6.639084507042254,21.59036144578313,29.08098591549296,50.54111405835544,70.81132075471699,36.8671875,3.765886287625418
2019-04-17,0.3461538461538461,10.135416666666666,22.746646795827125,33.44444444444444,47.0,64.18085106382979,34.0,2.570951585976628
2019-04-18,0.3083050847457627,10.382783882783883,18.66194968553459,29.23992673992674,38.64314247669773,49.36711711711712,26.67796610169492,1.8551483420593369
2019-04-19,0.1339080459770115,1.5892857142857142,8.619047619047619,10.40079365079365,51.62351190476191,44.31111111111111,19.6218487394958,1.1564885496183206
2019-04-20,0.1905172413793103,4.178633975481612,14.854294478527608,19.408056042031525,45.88306451612903,42.05868544600939,18.73273273273273,2.095798319327731
2019-04-21,0.2482578397212543,5.070298769771529,15.722308892355697,21.32688927943761,47.065128900949794,48.75355450236967,23.73192771084337,1.5707070707070707
2019-04-22,0.4054101221640488,12.034904013961606,25.606201550387595,38.396160558464224,43.27052489905788,61.32125603864734,31.88050314465409,2.8408710217755444
2019-04-23,0.4299474605954466,13.537653239929949,27.47589424572317,42.25569176882662,41.73656618610747,65.52690582959642,34.45125348189415,1.9124579124579124
2019-04-24,0.3825454545454545,14.206412825651302,25.22673434856176,40.06012024048096,40.36516853932584,64.90444444444445,35.98879551820728,1.712406015037594
2019-04-25,0.3741127348643006,14.97608695652174,23.56617647058824,39.391304347826086,49.32286995515695,69.32666666666667,38.50985915492958,1.7318007662835249
2019-04-26,0.2194495412844036,5.6305220883534135,20.37037037037037,26.373493975903614,45.68256130790191,62.896629213483145,35.30790960451977,8.433333333333334
2019-04-27,0.3313588850174216,7.771863117870723,22.570739549839228,30.99809885931559,45.70619946091645,65.54484304932735,40.33903133903134,2.765494137353434
2019-04-28,0.3647368421052631,4.515325670498084,22.210355987055017,27.61111111111111,52.374015748031496,61.49885583524028,40.44508670520232,1.625418060200669
2019-04-29,0.4992982456140351,13.147286821705428,29.13562091503268,43.201550387596896,42.645502645502646,64.98488664987406,41.37579617834395,1.7855887521968363
2019-04-30,0.401950354609929,16.01996007984032,23.72849915682968,40.58682634730539,40.242758620689656,46.32249322493225,28.92063492063492,1.31549815498155
2019-05-01,0.3181086519114688,13.008695652173913,19.198529411764707,32.85217391304348,43.6046875,36.58762886597938,21.82558139534884,1.3621730382293762
2019-05-02,0.2809440559440559,11.73574144486692,19.87117552334944,32.159695817490494,36.18243243243244,39.071240105540895,18.51585014409222,1.5506993006993006
2019-05-03,0.421391304347826,15.23908918406072,27.479099678456592,43.2314990512334,39.471698113207545,53.38366336633664,29.15126050420168,1.5087108013937285
2019-05-04,0.4343309859154929,11.418426103646834,27.961102106969207,39.8637236084453,44.28356164383562,64.04325699745547,39.89595375722544,1.7434094903339192
2019-05-05,0.3231985940246045,4.682692307692308,20.475649350649352,25.775,42.06639566395664,56.14246575342466,38.03726708074535,1.1669595782073814
2019-05-06,0.3707581227436823,11.02464065708419,21.143362831858408,32.63655030800821,39.97205882352941,60.50852272727273,40.2515923566879,1.1444652908067543
2019-05-07,0.4643628509719222,19.67586206896552,23.42003853564547,43.39080459770115,39.9983164983165,57.15447154471545,35.666666666666664,1.328542094455852
2019-05-08,0.3783242258652095,18.79541108986616,22.24918566775244,40.91778202676864,36.081460674157306,55.2620320855615,30.70689655172414,1.263157894736842
2019-05-09,0.4027118644067796,16.3382084095064,21.5800933125972,38.09689213893967,38.79324894514768,60.72010869565217,37.01749271137026,1.3625632377740304
2019-05-10,0.4246575342465753,15.307407407407409,19.78267716535433,35.272222222222226,42.477438136826784,66.12745098039215,41.86392405063291,1.4794520547945205
2019-05-11,0.473534338358459,6.752276867030965,21.134883720930237,28.08743169398907,51.24313725490196,87.42816091954023,67.37631578947368,7.016806722689076
2019-05-12,0.4819277108433735,5.098455598455598,20.75409836065574,26.198841698841697,52.81728045325779,93.06068601583114,76.17293233082707,1.8605504587155963
2019-05-13,0.4676470588235294,12.090452261306533,25.434599156118143,38.63316582914573,55.10641891891892,101.1875,78.85978835978835,2.0066964285714284
2019-05-14,0.4767482517482517,18.52276867030965,28.020186335403725,47.07832422586521,48.14663143989432,90.26984126984128,65.99017199017199,2.8045774647887325
2019-05-15,0.3396092362344582,4.653696498054475,21.77377049180328,26.988326848249027,47.95190947666195,88.30791788856305,66.3234501347709,9.906976744186046
2019-05-16,0.4142608695652174,8.637571157495255,24.974317817014445,34.34535104364326,42.26549865229111,83.6647564469914,65.26287262872629,2.045289855072464
2019-05-17,0.3510600706713781,9.175,26.412337662337663,36.08269230769231,36.20958904109589,51.60230547550432,34.58426966292135,0.988909426987061
2019-05-18,0.2905982905982906,12.20408163265306,21.59270998415214,33.98886827458256,44.98755186721991,49.92111959287532,29.6318407960199,1.0140350877192983
2019-05-19,0.2575091575091575,4.066666666666666,15.970443349753694,20.33904761904762,53.55266955266956,46.9974358974359,27.107231920199503,1.575091575091575
2019-05-20,0.2942903752039151,6.778368794326241,20.623100303951368,27.836879432624112,55.93556701030928,53.09160305343512,30.701005025125628,1.104906937394247
2019-05-21,0.3385123966942149,9.99822695035461,22.03506097560976,32.58510638297872,57.44961240310077,67.25661375661376,33.28051948051948,1.78839590443686
2019-05-22,0.3658662092624357,12.669595782073811,23.22256097560976,36.55711775043937,50.60909090909091,50.306666666666665,25.73,1.4037162162162162
2019-05-23,0.3303602058319039,11.12453531598513,21.642857142857142,33.652416356877325,50.863337713534825,62.23002421307506,31.58823529411765,1.4668989547038327
2019-05-24,0.2878306878306878,5.208,18.52787456445993,24.056,47.95982783357245,52.62043795620438,30.805232558139537,1.9710144927536235
2019-05-25,0.2101338432122371,4.821576763485477,15.180212014134275,20.443983402489625,46.38,50.61503416856492,28.704301075268816,6.30410447761194
2019-05-26,0.1313333333333333,2.375,11.748456790123456,14.528985507246375,44.6008064516129,37.10884353741496,18.94101876675603,3.3274478330658104
2019-05-27,0.2458544839255499,7.037950664136623,17.571428571428573,25.23908918406072,46.86776859504132,48.34905660377358,24.5,2.6633333333333336
2019-05-28,0.3008431703204047,7.748560460652591,19.617886178861788,28.316698656429946,49.94557823129252,62.06201550387597,32.71714285714286,6.431118314424635
2019-05-29,0.2991638795986622,3.954198473282443,17.70967741935484,22.75381679389313,55.3279132791328,61.34335839598997,30.347457627118644,1.577922077922078
2019-05-30,0.2917117117117117,5.338613861386139,17.672977624784853,23.71683168316832,51.62668665667167,63.41818181818182,28.561933534743204,1.518987341772152
2019-05-31,0.2531313131313131,3.5348837209302326,14.673151750972762,18.60232558139535,43.74032258064516,41.22527472527472,20.47826086956522,0.8897485493230174
2019-06-01,0.1698492462311557,4.21083172147002,10.98042414355628,15.28046421663443,26.11614730878187,25.625,8.916981132075472,1.2
2019-06-02,0.1346014492753623,3.1553030303030303,8.1875,11.44128787878788,21.99712643678161,15.738317757009346,5.943478260869565,0.8506944444444444
2019-06-03,0.2058181818181818,6.539923954372624,12.721417069243156,19.24144486692015,17.62146050670641,22.147859922178988,9.206521739130435,1.8353344768439108
2019-06-04,0.3198230088495575,9.660852713178295,19.281045751633982,29.36627906976744,16.70672389127325,21.10507246376812,10.300341296928329,1.4176570458404074
2019-06-05,0.3641404805914972,13.632696390658174,21.625225225225226,36.07643312101911,20.351973684210527,22.32155477031802,10.571428571428571,1.120817843866171
2019-06-06,0.3933198380566801,9.933481152993348,24.343339587242028,34.63414634146341,35.221311475409834,23.36942675159236,15.64375,1.2226640159045723
2019-06-07,0.5577044025157233,18.69557195571956,27.381703470031542,46.61254612546126,27.342657342657343,30.37165775401069,18.738292011019283,1.278877887788779
2019-06-08,0.4603715170278638,18.38909090909091,19.987616099071207,38.60909090909091,36.068062827225134,33.4004914004914,19.49870801033592,1.3834115805946792
2019-06-09,0.2090062111801242,3.699453551912568,12.772093023255811,16.801457194899818,48.129411764705885,29.88206388206388,17.155038759689923,0.9174454828660435
2019-06-10,0.2105008077544426,6.590740740740741,14.227987421383649,21.116666666666667,43.846774193548384,36.39024390243903,16.48421052631579,0.9823434991974318
2019-06-11,0.1603709949409781,2.8929961089494163,10.71404958677686,14.003891050583658,39.99553571428572,22.63080684596577,10.371830985915492,0.7
2019-06-12,0.2833984375,9.80931263858093,16.217898832684824,25.86917960088692,39.505102040816325,36.98086124401914,18.288311688311687,5.044715447154472
2019-06-13,0.2228099173553719,4.011494252873563,16.225255972696246,20.07088122605364,33.55631868131868,23.036745406824146,11.035326086956522,2.4072847682119205
2019-06-14,0.2385737439222042,4.787356321839081,17.20616883116883,22.3544061302682,32.54458161865569,22.97506234413965,10.94179894179894,0.9918962722852512
2019-06-15,0.2434231378763867,7.122448979591836,16.3007874015748,23.94248608534323,41.001367989056085,34.66355140186916,21.497252747252748,4.371428571428571
2019-06-16,0.2664605873261205,3.871143375680581,15.358578052550232,19.74047186932849,45.307277628032345,34.91879350348028,21.32520325203252,1.6398763523956723
2019-06-17,0.2793867120954003,7.993927125506073,17.017301038062282,25.59514170040486,42.72413793103448,40.23741007194245,21.529255319148938,4.501742160278746
2019-06-18,0.2228346456692913,4.568669527896995,18.078181818181815,22.93991416309013,43.10932475884244,34.63768115942029,17.008042895442358,1.1992337164750957
2019-06-19,0.2974803149606299,7.279629629629629,22.12283464566929,30.403703703703705,33.23529411764706,31.8029197080292,21.39010989010989,2.843700159489633
2019-06-20,0.4034003091190108,13.29038112522686,24.56298600311042,38.72050816696915,40.38569424964937,42.92619047619048,28.2016348773842,3.4494556765163296
2019-06-21,0.334748427672956,9.53888888888889,21.13364779874214,31.375925925925927,35.75706214689266,38.89242053789731,26.2986301369863,1.9328125
2019-06-22,0.2775541795665635,4.378181818181818,20.613003095975237,25.42727272727273,37.51392757660168,37.578454332552695,25.894736842105264,2.4659442724458205
2019-06-23,0.2571202531645569,4.503952569169961,16.55351170568562,21.49802371541502,31.639586410635157,33.27959697732997,22.06798866855524,2.186161449752883
2019-06-24,0.3862403100775193,9.825221238938052,19.96067415730337,30.263274336283185,19.70735785953177,18.645604395604398,10.565068493150685,1.1455938697318009
2019-06-25,0.3895189003436426,10.850574712643676,20.71661237785016,32.09578544061303,22.174468085106383,23.910941475826974,12.886567164179104,1.4146757679180888
2019-06-26,0.4662650602409638,14.780898876404494,23.63434022257552,38.70224719101124,24.337950138504155,31.36124401913876,18.738786279683374,1.8184818481848184
2019-06-27,0.2220665499124343,5.181481481481481,14.517295597484276,19.872222222222224,28.734246575342464,24.52785145888594,11.272980501392755,1.7622950819672132
2019-06-28,0.1967857142857142,5.495378927911276,13.5839874411303,19.410351201478743,31.08677685950413,24.781094527363184,11.44973544973545,2.5402298850574714
2019-06-29,0.181934306569343,4.316733067729084,13.753401360544215,18.41035856573705,33.505109489051094,19.54722222222222,10.04733727810651,1.3321033210332105
2019-06-30,0.2835140997830803,3.847380410022779,15.363288718929256,19.687927107061505,35.88797364085667,26.35350318471337,16.333333333333332,5.37125748502994
2019-07-01,0.2889763779527559,4.227557411273486,18.37913043478261,23.16075156576201,33.06268656716418,23.38566552901024,14.840531561461797,3.8145454545454553
2019-07-02,0.3879446640316205,11.687755102040816,22.407917383821,34.48979591836735,25.31626506024097,26.38138138138138,13.277286135693217,1.631294964028777
2019-07-03,0.3348571428571428,9.177062374245471,20.5716694772344,30.5251509054326,27.4780701754386,25.657894736842103,13.910364145658264,1.07908611599297
2019-07-04,0.4606118546845124,15.216432865731464,22.736134453781517,38.49498997995992,28.7117903930131,40.3925,23.02211302211302,3.0572450805008944
2019-07-05,0.3546583850931677,12.373893805309734,19.94301470588235,32.81637168141593,34.63317384370016,43.48541114058355,21.383631713554987,5.204408817635271
2019-07-06,0.2646420824295011,7.865909090909091,15.94465648854962,24.022727272727277,29.656946826758148,33.15303430079155,17.26595744680851,3.406952965235174
2019-07-07,0.2186311787072243,3.6998011928429424,13.008347245409016,17.055666003976143,38.53353204172876,30.25,17.20506329113924,2.6469565217391304
2019-07-08,0.3749027237354085,10.612,21.389915966386557,32.606,32.84313725490196,35.596009975062344,19.811557788944725,2.7336860670194003
2019-07-09,0.4265917602996255,13.300403225806452,23.0443686006826,36.91935483870968,34.82800608828006,36.900510204081634,21.97429305912597,1.222614840989399
2019-07-10,0.2712686567164179,6.580645161290323,20.76689189189189,27.64516129032258,26.651908396946563,28.467018469656992,17.96505376344086,4.482332155477032
2019-07-11,0.3890466531440162,13.456521739130435,26.86111111111111,41.14347826086957,19.95890410958904,30.123943661971836,19.99117647058824,1.2141527001862198
2019-07-12,0.3304556354916067,8.11111111111111,24.26305220883534,33.128019323671495,30.571984435797667,24.95058139534884,19.87319884726225,1.263616557734205
2019-07-13,0.2879310344827586,6.062248995983936,22.365319865319865,28.91566265060241,29.6859375,24.978328173374614,18.2798833819242,1.356140350877193
2019-07-14,0.3273244781783681,8.125248508946322,19.04507512520868,27.46520874751491,28.60123647604328,31.68690095846645,22.791788856304983,1.6890459363957595
2019-07-15,0.3704453441295546,13.883673469387755,19.515358361774744,33.69183673469388,30.32608695652174,30.571875,19.518840579710144,1.7804428044280445
2019-07-16,0.2317490494296578,5.02191235059761,16.68561872909699,21.96812749003984,33.30988274706868,26.771704180064308,16.179710144927537,2.6618181818181816
2019-07-17,0.3025547445255474,12.65065502183406,19.459558823529413,32.83624454148472,23.66553480475382,27.574780058651022,14.146131805157593,1.4047186932849365
2019-07-18,0.2946759259259259,10.287104622871048,19.656565656565657,30.291970802919707,31.58555133079848,34.56545961002786,20.87123287671233,4.9195652173913045
2019-07-19,0.3224561403508772,8.393063583815028,21.903908794788272,30.83236994219653,27.44712990936556,23.531986531986533,16.03669724770642,1.1904761904761905
2019-07-20,0.2800356506238859,7.366412213740458,18.61285008237232,26.49618320610687,36.10381679389313,33.205278592375365,20.59322033898305,1.0242085661080074
2019-07-21,0.2664783427495292,3.8086785009861934,15.482698961937716,19.97041420118343,29.8528,22.060606060606062,13.0375,1.545275590551181
2019-07-22,0.3178832116788321,9.47093023255814,18.04180602006689,28.393410852713178,32.287267080745345,26.67601246105919,13.776073619631902,1.1961904761904762
2019-07-23,0.2782214156079854,8.977319587628866,18.19672131147541,27.245360824742267,28.747967479674795,28.869158878504678,15.96774193548387,1.4695817490494296
2019-07-24,0.3563218390804598,8.744588744588745,23.15412844036697,32.484848484848484,25.925742574257427,26.08187134502924,16.749244712990937,1.089820359281437
2019-07-25,0.4041379310344827,10.027559055118113,26.055,36.45866141732284,20.275037369207773,26.09509202453988,18.459074733096084,0.9492753623188406
2019-07-26,0.3585365853658536,8.9402390438247,22.55351170568562,31.49402390438247,21.37425149700599,21.28253968253968,15.694630872483222,0.8709090909090909
2019-07-27,0.2585278276481149,6.71340206185567,17.07758620689655,24.377319587628865,31.305426356589148,19.635802469135804,12.118840579710144,0.70018281535649
2019-07-28,0.2220486111111111,4.754065040650406,15.136054421768709,20.16260162601626,33.001543209876544,20.71551724137931,12.622093023255816,0.7862318840579711
2019-07-29,0.3898032200357781,16.574324324324323,20.265420560747664,37.556306306306304,26.99668874172185,26.666666666666668,14.05982905982906,1.0311284046692606
2019-07-30,0.3139917695473251,10.502487562189057,17.126293995859214,28.20646766169154,33.78378378378378,37.79356568364612,18.721212121212123,1.219354838709677
2019-07-31,0.2950963222416812,8.837894736842106,17.90877192982456,27.34315789473684,30.9187969924812,40.63835616438356,21.904899135446687,3.95446584938704
2019-08-01,0.2574733096085409,10.15991471215352,17.122340425531913,27.797441364605543,33.22154779969651,31.32386363636364,15.86013986013986,2.712121212121212
2019-08-02,0.3040780141843971,10.664583333333333,19.68971631205674,30.9125,35.07253086419753,33.772602739726025,16.523489932885905,3.1054421768707483
2019-08-03,0.2581818181818182,9.085594989561589,16.439201451905625,25.680584551148225,35.91729323308271,29.942779291553133,15.649659863945578,1.154782608695652
2019-08-04,0.2052830188679245,2.636568848758465,12.51953125,15.501128668171557,40.61148648648648,28.491620111731844,18.47840531561462,3.519626168224299
2019-08-05,0.3424593967517401,5.839572192513369,22.498855835240278,28.235294117647054,32.60749506903353,24.11627906976744,14.383561643835616,1.3935483870967742
2019-08-06,0.3888073394495412,9.861052631578948,23.77330895795247,33.61052631578947,29.071646341463413,25.424836601307188,16.506849315068493,1.2802101576182137
2019-08-07,0.3395061728395062,7.564755838641189,22.007067137809187,30.43949044585987,26.284178187403995,18.77083333333333,11.551470588235292,0.8764805414551607
2019-08-08,0.3223214285714286,10.127348643006265,19.61217391304348,30.57828810020877,33.27836611195159,20.923566878980893,12.523297491039427,1.2926421404682271
2019-08-09,0.3706204379562043,10.21802935010482,22.442307692307693,33.24528301886792,27.10542168674699,38.7943661971831,22.860681114551085,4.369747899159663
2019-08-10,0.2151685393258427,8.605922551252847,14.717514124293784,23.74487471526196,19.961783439490446,21.49397590361446,12.333333333333334,1.4928571428571429
2019-08-11,0.2642691415313225,5.2024691358024695,14.408624229979466,20.249382716049382,29.44973544973545,19.374149659863946,12.813793103448276,1.123015873015873
2019-08-12,0.2845995893223819,8.91125541125541,15.576301615798922,25.103896103896105,27.703076923076924,18.23826714801444,9.226190476190476,0.8494809688581315
2019-08-13,0.3228571428571428,13.066037735849056,17.13653846153846,30.964622641509436,31.24088748019017,28.00602409638554,13.414893617021276,1.4700704225352113
2019-08-14,0.3065346534653465,9.388372093023255,16.716190476190476,27.113953488372093,34.56507936507936,29.834375,13.764084507042254,1.334525939177102
2019-08-15,0.2895833333333333,7.708333333333333,16.733695652173914,24.93859649122807,37.1025641025641,30.189801699716718,14.591639871382636,2.2135416666666665
2019-08-16,0.2973434535104364,10.091533180778033,17.744801512287335,28.4324942791762,36.61409395973154,31.47887323943662,16.09061488673139,1.3894927536231885
2019-08-17,0.3523076923076923,8.748201438848922,19.12375249500998,28.810551558753,37.690265486725664,35.216577540106954,18.416918429003022,1.60727969348659
2019-08-18,0.3602272727272727,5.9451754385964914,18.05434782608696,24.664473684210527,32.68055555555556,31.455729166666668,20.588059701492536,7.32
2019-08-19,0.2291746641074856,5.761160714285714,13.022058823529411,19.174107142857142,21.90491283676704,22.05135951661632,11.193220338983052,1.9899497487437183
2019-08-20,0.2074144486692015,5.648888888888889,13.668498168498168,19.74222222222222,32.03727714748784,25.16806722689076,10.715654952076678,1.0119863013698631
2019-08-21,0.2669724770642201,9.135699373695198,18.02787456445993,27.64509394572025,29.2459807073955,28.40431266846361,13.4625,2.0603015075376883
2019-08-22,0.3188931297709924,10.26457399103139,19.76492537313433,30.65022421524664,24.14532871972318,33.284595300261095,16.76086956521739,2.214539007092198
2019-08-23,0.4083932853717026,9.263157894736842,23.35477178423237,33.38345864661654,29.78449905482041,35.607046070460704,23.45619335347432,1.9122137404580155
2019-08-24,0.3672916666666667,8.703125,20.66176470588235,30.212053571428573,33.658496732026144,31.38337801608579,20.62202380952381,1.4864864864864864
2019-08-25,0.3364583333333333,6.203947368421052,16.932971014492754,23.80263157894737,35.375601926163725,30.273480662983424,20.295384615384616,1.3683333333333334
2019-08-26,0.4308176100628931,10.301762114537445,23.465454545454545,34.636563876651984,36.234726688102896,32.81375358166189,20.3302752293578,2.0587248322147653
2019-08-27,0.3986813186813187,12.037470725995316,20.965583173996176,33.88056206088993,32.18456375838926,34.27717391304348,19.73311897106109,2.651291512915129
2019-08-28,0.2332552693208431,8.038860103626943,16.951781970649897,25.47668393782384,31.33837429111531,34.729729729729726,19.64,1.284536082474227
2019-08-29,0.302906976744186,7.216763005780347,18.009324009324008,25.794797687861276,38.64042553191489,36.24301675977654,18.36,1.867749419953596
2019-08-30,0.3592592592592593,11.747685185185183,19.28409090909091,31.94675925925926,32.95492487479132,34.82634730538922,16.020833333333332,1.235934664246824
2019-08-31,0.2561307901907357,11.543589743589743,16.65843621399177,28.85128205128205,31.53900709219858,32.22115384615385,14.657439446366782,2.501937984496124
2019-09-01,0.2175438596491228,4.779448621553884,12.535353535353536,17.771929824561404,35.95164075993092,29.08083832335329,13.50359712230216,2.0791896869244937
2019-09-02,0.2599009900990099,8.296019900497512,13.971717171717172,22.78855721393035,29.491056910569107,29.44542772861357,13.483018867924528,1.0844036697247703
2019-09-03,0.2142506142506142,4.414698162729659,15.190274841437631,20.057742782152232,34.296551724137935,27.44848484848485,13.194139194139192,1.8685185185185185
2019-09-04,0.3682719546742209,12.072607260726071,20.39050131926121,33.09240924092409,32.788381742738586,36.52012383900929,17.787401574803148,1.4178403755868545
2019-09-05,0.3435244161358811,10.561576354679802,19.696606786427147,31.201970443349754,32.32565789473684,33.221556886227546,18.601423487544483,1.2141592920353983
2019-09-06,0.2575452716297787,6.97,17.822580645161292,25.4325,33.6078125,35.24411764705882,20.78985507246377,2.443462897526502
2019-09-07,0.30853889943074,8.42997542997543,19.302788844621517,28.29238329238329,25.619565217391305,34.65094339622642,20.25263157894737,5.022608695652174
2019-09-08,0.2659003831417624,7.73697270471464,15.410821643286573,23.488833746898266,32.60220125786164,24.389078498293514,15.10752688172043,2.4622144112478037
2019-09-09,0.33359375,10.902116402116402,20.631914893617022,32.26190476190476,30.761092150170647,30.176470588235293,15.76950354609929,1.528756957328386
2019-09-10,0.3475806451612903,9.349397590361448,20.497512437810947,30.44277108433735,26.66943866943867,30.05555555555556,18.094890510948904,3.161662817551963
2019-09-11,0.3039665970772442,10.70854271356784,17.374493927125506,28.34170854271357,21.82890365448505,26.467455621301774,15.02555910543131,1.132841328413284
2019-09-12,0.2630390143737166,7.350877192982456,16.725252525252525,24.348370927318296,20.78640776699029,23.96045197740113,12.695238095238096,3.0552486187845305
2019-09-13,0.2684615384615385,7.1075,18.27087576374745,25.33,17.36626139817629,18.94535519125683,9.202020202020202,0.8639575971731449
2019-09-14,0.1897727272727273,4.685503685503686,13.749502982107357,18.805896805896804,24.151785714285715,15.495677233429396,8.154639175257731,0.6304347826086957
2019-09-15,0.1881147540983606,3.665768194070081,11.562770562770565,15.52021563342318,36.26056338028169,19.506738544474395,11.051948051948052,1.1732283464566928
2019-09-16,0.2072210065645514,3.146276595744681,13.815217391304348,17.170212765957448,35.016157989228006,29.290076335877863,21.66768292682927,5.801217038539554
2019-09-17,0.35,9.601851851851851,19.775665399239543,29.78703703703704,31.391640866873065,29.997474747474747,19.32515337423313,1.9391304347826088
2019-09-18,0.2746240601503759,6.859447004608295,16.052325581395348,23.22811059907834,21.025078369905955,18.595890410958905,9.859375,0.7561837455830389
2019-09-19,0.5001831501831502,14.182669789227166,23.65834932821497,38.22248243559719,18.80821917808219,28.494350282485875,18.77810650887574,1.3220910623946036
2019-09-20,0.5083955223880597,18.4037558685446,24.072936660268716,42.48356807511737,28.508076358296623,37.974554707379134,24.386486486486486,2.7626262626262625
2019-09-21,0.2309090909090909,7.660087719298246,16.385036496350367,24.274122807017545,29.14,27.0,15.524725274725276,1.8657487091222031
2019-09-22,0.2237903225806451,4.66109785202864,12.83300198807157,17.801909307875896,34.63795853269537,26.72568578553616,15.873684210526315,4.60482374768089
2019-09-23,0.2801418439716312,8.12262156448203,17.109929078014183,25.78435517970402,33.8567335243553,33.3206106870229,17.535326086956523,3.5122749590834696
2019-09-24,0.3760869565217391,7.35531914893617,21.591872791519435,29.527659574468085,36.94864048338368,39.10858585858586,25.93455497382199,7.50761421319797
2019-09-25,0.5145914396887159,9.481092436974787,25.501748251748253,35.831932773109244,29.841149773071105,38.91161616161616,28.312997347480103,1.534804753820034
2019-09-26,0.4427991886409736,12.50755939524838,21.08050089445438,34.360691144708426,31.646781789638933,36.30555555555556,26.35097493036212,1.3609154929577465
2019-09-27,0.2662525879917184,6.725806451612903,17.428023032629557,24.74884792626728,33.38235294117647,28.769035532994923,14.7008547008547,1.3421052631578947
2019-09-28,0.3105515587529976,5.152744630071599,16.399602385685885,22.19570405727924,27.603066439523,25.796791443850267,15.30056179775281,2.8165680473372783
2019-09-29,0.2378323108384458,5.907563025210084,10.188811188811188,16.264705882352942,11.361027190332326,10.318181818181818,6.353896103896104,0.6996644295302014
2019-09-30,0.3188755020080321,9.079166666666667,13.994791666666666,23.616666666666667,16.253753753753752,13.996969696969696,6.529801324503311,0.7525252525252525
2019-10-01,0.4216101694915254,17.019455252918288,16.492610837438423,33.97081712062257,21.635014836795254,21.15721649484536,11.849112426035504,1.0834697217675942
2019-10-02,0.3044362292051756,10.452611218568665,16.847790507364977,27.60348162475822,26.683168316831683,21.57107843137255,11.232984293193716,1.293313069908815
2019-10-03,0.2814035087719298,10.571428571428571,16.818181818181817,27.846938775510203,27.591117917304743,23.41387559808613,11.6875,1.014827018121911
2019-10-04,0.3093877551020408,6.568848758465012,17.63946869070209,24.75846501128668,31.644891122278057,26.63348416289593,13.821608040201005,1.7008695652173913
2019-10-05,0.2364746945898778,4.750479846449136,13.939837398373983,19.12476007677543,29.40813464235624,28.613425925925927,16.193954659949622,3.780120481927711
2019-10-06,0.2138888888888889,4.101391650099403,12.125208681135224,16.620278330019882,31.59583333333333,22.5578231292517,12.16161616161616,1.3794642857142858
2019-10-07,0.2186832740213523,7.350100603621731,12.856661045531196,20.527162977867203,25.896213183730715,21.88700564971752,8.902439024390244,0.9338345864661656
2019-10-08,0.2310218978102189,4.780126849894292,14.869947275922671,19.78646934460888,20.363503649635035,16.127371273712736,7.107871720116618,0.9135220125786164
2019-10-09,0.2528846153846154,4.230607966457023,15.896309314586995,20.371069182389935,27.41452344931921,20.649425287356323,9.616519174041295,1.0618892508143325
2019-10-10,0.3463043478260869,8.286046511627907,18.03307392996109,26.81860465116279,25.935749588138385,31.17493472584857,17.022222222222222,3.58745247148289
2019-10-11,0.3564154786150713,11.44806517311609,18.22380106571936,30.513238289205702,23.936764705882357,28.591370558375637,16.224683544303797,2.016366612111293
2019-10-12,0.2063618290258449,4.63220675944334,14.11304347826087,19.13717693836978,25.349640287769784,20.508860759493672,11.586206896551724,0.9934426229508196
2019-10-13,0.2914807302231237,7.308316430020284,14.582300884955751,22.2474645030426,27.78540145985401,28.334190231362467,19.006211180124225,3.969055374592834
2019-10-14,0.369672131147541,15.778705636743217,16.919561243144425,33.16283924843424,22.52577319587629,33.205128205128204,16.229299363057326,5.62876254180602
2019-10-15,0.4068702290076336,16.26086956521739,20.16796875,36.89347826086957,28.30721966205837,38.91379310344828,19.50602409638554,8.729874776386405
2019-10-16,0.3013333333333333,9.546153846153846,16.798185941043084,26.661538461538463,12.593639575971732,24.81029810298103,10.607843137254902,4.550102249488752
2019-10-17,0.3962890625,14.608602150537637,17.556797020484172,32.83010752688172,7.419970631424376,11.99628252788104,8.050420168067227,0.9211822660098522
2019-10-18,0.4525,19.48109243697479,19.504587155963304,40.06512605042017,14.40084985835694,21.658385093167706,8.108771929824561,1.0618892508143325
2019-10-19,0.4236742424242424,18.06458333333333,16.403985507246375,35.172916666666666,17.50069541029207,23.254691689008045,10.241258741258742,1.358974358974359
2019-10-20,0.2695075757575758,11.489583333333334,10.623188405797102,22.5375,12.73611111111111,17.610169491525422,6.2889908256880735,0.9535256410256412
2019-10-21,0.4414,20.817551963048498,19.230923694779115,41.0323325635104,19.00454545454545,27.09880239520958,9.48046875,1.1814946619217082
2019-10-22,0.2967963386727689,9.213541666666666,17.36635944700461,27.13802083333333,20.21342512908778,26.19777158774373,14.234920634920634,2.108433734939759
2019-10-23,0.2640471512770138,7.370932754880694,16.936210131332082,24.772234273318876,24.704285714285717,27.098039215686278,14.307453416149068,3.8905228758169934
2019-10-24,0.4104,14.075,23.672727272727272,38.35833333333333,21.566248256624824,30.02652519893899,16.87087087087087,1.6153846153846154
2019-10-25,0.4802419354838709,16.362869198312236,24.81868131868132,41.40084388185654,16.66338028169014,33.78021978021978,23.84713375796178,4.029363784665579
2019-10-26,0.4224448897795591,12.410526315789474,24.025594149908592,37.02736842105263,20.07282913165266,26.589235127478755,18.48895899053628,1.2116316639741518
2019-10-27,0.4532359081419624,8.990697674418605,21.69939879759519,31.03953488372093,30.92760180995475,32.98870056497175,26.6875,2.8867595818815333
2019-10-28,0.657920792079208,19.76103896103896,31.953020134228183,53.17922077922078,29.83838383838384,43.76945244956772,33.627627627627625,1.8276553106212423
2019-10-29,0.4048319327731092,14.035476718403547,23.609942638623327,38.94456762749446,23.75471698113208,36.367283950617285,20.5973597359736,1.5142857142857142
2019-10-30,0.5056338028169014,12.874449339207048,27.884990253411303,41.26872246696036,26.36796536796537,35.38196286472149,26.585585585585587,1.6136752136752135
2019-10-31,0.3286282306163022,13.4,20.232604373757454,33.58021978021978,14.264748201438849,23.343023255813957,13.5,1.4052173913043478
2019-11-01,0.3276515151515151,11.0875,21.01515151515152,32.452083333333334,20.971264367816094,36.03394255874674,21.09009009009009,5.706597222222222
2019-11-02,0.3495164410058027,14.885209713024285,20.8997995991984,35.77924944812362,11.663125948406677,34.505847953216374,22.49146757679181,13.205504587155962
2019-11-03,0.275632183908046,4.716346153846154,16.01673640167364,21.46875,25.94701986754967,21.10857142857143,14.15916955017301,4.0
2019-11-04,0.5611328125,21.1931330472103,24.67228464419476,46.58369098712446,22.99142857142857,37.310810810810814,23.0126582278481,2.784210526315789
2019-11-05,0.503680981595092,21.96153846153846,23.682879377431902,46.282805429864254,21.25947521865889,35.68405797101449,20.06578947368421,3.054673721340388
2019-11-06,0.3403614457831325,14.473568281938324,18.451242829827915,33.12334801762115,20.14450867052023,29.084302325581397,15.223333333333333,3.862608695652174
2019-11-07,0.3272151898734177,13.683333333333334,19.943089430894307,34.07142857142857,19.59124087591241,35.690265486725664,16.16891891891892,7.269026548672566
2019-11-08,0.2279591836734694,11.659846547314578,15.113289760348584,27.056265984654733,19.1234375,28.54705882352941,12.433447098976108,4.935114503816794
2019-11-09,0.2074766355140187,5.746438746438747,13.22463768115942,19.413105413105413,20.47783251231527,20.313782991202345,7.484210526315789,3.045816733067729
2019-11-10,0.3958333333333333,11.325980392156865,17.072916666666668,29.110294117647054,23.29325513196481,32.41761363636363,17.646103896103895,5.501736111111111
2019-11-11,0.4933734939759036,18.987714987714988,21.98329853862213,42.0,23.963963963963963,39.15406162464986,18.17799352750809,2.394045534150613
2019-11-12,0.2841784989858012,7.105633802816901,19.20281124497992,26.86150234741784,24.95433789954338,30.98901098901099,14.003058103975537,5.818505338078292
2019-11-13,0.3902083333333333,16.414893617021278,17.066543438077634,33.99148936170213,16.51194029850746,27.725856697819317,10.89453125,5.474226804123711
2019-11-14,0.3852941176470588,14.147252747252749,19.74618320610687,34.84395604395604,22.321070234113712,29.2,10.871641791044777,1.5009940357852882
2019-11-15,0.3378151260504202,7.516455696202532,22.32751091703057,30.61012658227848,26.93128390596745,36.74009900990099,19.597701149425287,7.410416666666666
2019-11-16,0.4471698113207547,15.043737574552685,25.848695652173912,41.54671968190855,20.479885057471265,49.60539215686274,30.19345238095238,9.92809364548495
2019-11-17,0.3652631578947368,13.893877551020408,19.501779359430603,34.05714285714286,26.94143484626647,33.91708542713568,17.966153846153848,5.303236797274276
2019-11-18,0.3325,9.807539682539682,20.40451388888889,30.59722222222222,26.114942528735632,28.73134328358209,15.4375,2.3466666666666667
2019-11-19,0.5342379958246346,18.996023856858848,26.18434782608696,46.07355864811133,25.056195965417867,43.62593516209476,26.408450704225352,4.090277777777778
2019-11-20,0.5345924453280319,25.539714867617107,27.95357142857143,54.46028513238289,23.22641509433962,51.98309178743961,25.522959183673468,3.8470149253731343
2019-11-21,0.5894854586129754,25.911007025761123,27.744329896907217,54.68852459016394,25.975,56.22352941176471,29.870324189526183,4.671968190854871
2019-11-22,0.5909090909090909,29.95411089866157,28.672268907563023,59.66347992351817,21.434173669467786,51.16461916461917,24.70843989769821,3.293548387096774
2019-11-23,0.4567518248175182,22.608030592734227,25.552188552188557,48.78011472275335,25.76601671309192,48.56467661691542,23.887434554973822,5.910256410256411
2019-11-24,0.3732954545454545,10.46031746031746,21.765217391304347,32.66865079365079,24.11265646731572,46.95285359801489,28.768229166666668,8.980738362760835
2019-11-25,0.5873540856031129,23.67479674796748,29.1436170212766,54.24593495934959,27.872857142857143,54.20049504950495,26.34895833333333,2.606907894736842
2019-11-26,0.4580769230769231,15.855983772819473,25.240213523131672,42.1764705882353,24.60741885625966,51.06459330143541,24.064690026954175,1.5944055944055944
2019-11-27,0.5675213675213675,25.832962138084632,27.42578125,54.29398663697105,29.79478260869565,56.318396226415096,26.83289124668435,3.5028462998102468
2019-11-28,0.5703839122486289,26.561904761904763,28.63986599664992,56.27428571428572,19.28955223880597,53.850117096018735,22.27320954907162,8.464630225080386
2019-11-29,0.6246823956442831,25.47438330170778,28.93288590604027,55.58254269449716,20.346094946401227,55.23529411764706,26.23015873015873,8.764516129032257
2019-11-30,0.6206319702602231,24.070342205323197,29.257377049180327,53.747148288973385,25.303437967115094,54.790645879732736,26.169117647058822,4.998355263157895
2019-12-01,0.4126110124333925,15.680933852140075,21.361774744027304,36.795719844357976,24.74609929078014,44.66666666666666,18.458628841607567,1.8645669291338585
2019-12-02,0.3956087824351297,14.533769063180827,23.15719696969697,37.80610021786492,23.53462157809984,44.613839285714285,23.76869158878505,4.816287878787879
2019-12-03,0.5745222929936306,27.452328159645237,28.188715953307398,55.671840354767184,23.337792642140467,49.2208067940552,21.173719376391983,5.03030303030303
2019-12-04,0.6015817223198594,29.88440366972477,31.52747252747253,62.39816513761468,24.60487144790257,51.493506493506494,21.194196428571427,2.655538694992413
2019-12-05,0.6548757170172084,32.196787148594375,34.215488215488215,67.32128514056225,28.29018492176387,56.86800894854586,24.561484918793504,3.686591276252019
2019-12-06,0.4953934740882917,27.822546972860124,28.43257443082312,56.4258872651357,19.55790960451977,52.04109589041096,17.607329842931936,3.682196339434276
2019-12-07,0.4018691588785046,16.191033138401558,28.863247863247864,46.372319688109165,25.730398899587342,47.63720930232558,23.404199475065617,6.8270181219110375
2019-12-08,0.5493848857644992,18.82411067193676,29.35953177257525,48.89920948616601,31.353021978021975,52.75840336134454,28.904872389791183,7.535087719298246
2019-12-09,0.7244060475161987,36.06575963718821,36.09142857142857,74.20408163265306,30.511627906976745,62.32067510548523,25.990697674418605,3.21731123388582
2019-12-10,0.5956063268892794,26.47001934235977,34.44861337683523,62.36363636363637,31.20519835841313,64.73995771670191,26.44941176470588,2.592248062015504
2019-12-11,0.3773584905660377,11.41130604288499,26.51315789473684,38.76998050682261,27.082036775106083,58.07741935483871,32.26903553299493,4.339593114241001
2019-12-12,0.5429780033840947,24.61185468451243,27.44103392568659,53.16252390057361,23.178474114441418,53.55194805194805,25.53689567430025,4.860394537177542
2019-12-13,0.6368948247078464,36.15942028985507,29.109567901234566,65.72644927536231,18.990502035278155,50.11546840958606,20.67929292929293,3.013392857142857
2019-12-14,0.6346026490066226,27.57894736842105,33.05909797822706,61.78402903811252,29.23646723646724,56.26215644820296,23.580246913580247,3.1135303265940903
2019-12-15,0.5742592592592592,15.304,30.72431506849315,47.25,42.42696629213483,59.5287610619469,27.84126984126984,2.8580968280467447
2019-12-16,0.5343434343434343,22.217391304347824,31.47826086956522,54.471014492753625,26.32262569832402,49.95302013422819,20.205128205128204,1.5793413173652695
2019-12-17,0.4873905429071803,16.53095684803002,30.33704292527822,47.71669793621013,25.545714285714286,53.553333333333335,24.761904761904763,5.188361408882082
2019-12-18,0.4128521126760563,14.53903345724907,31.465299684542583,46.73977695167287,14.648068669527897,68.26785714285714,37.42776203966006,11.237366003062789
2019-12-19,0.6122262773722628,32.63148148148148,36.94654088050314,71.39074074074074,25.280851063829783,78.42760180995475,39.603932584269664,12.833841463414634
2019-12-20,0.5970093457943926,29.32595573440644,43.24356775300171,73.57142857142857,18.03115264797508,72.679203539823,37.79940119760479,12.173400673400671
2019-12-21,0.5528625954198473,19.63561076604555,31.005291005291006,51.46169772256729,20.066985645933013,63.30088495575221,33.14366197183099,11.110726643598616
2019-12-22,0.4994791666666667,13.148550724637682,25.26851851851852,38.41123188405797,10.421981004070556,46.08991228070175,32.93915343915344,10.726190476190476
2019-12-23,0.736013986013986,33.27189781021898,29.805900621118013,63.79379562043796,22.61891891891892,55.02564102564103,33.002793296089386,5.688253012048193
2019-12-24,0.5942635658914729,28.65505226480836,25.323880597014924,54.62717770034843,18.91383812010444,40.35204081632653,20.91764705882353,2.871757925072046
2019-12-25,0.6513888888888889,15.36111111111111,23.370149253731345,39.23611111111112,30.52021563342318,58.49625935162095,43.09039548022599,3.067723342939481
2019-12-26,0.5575757575757576,19.52621359223301,28.884678747940693,49.14563106796116,27.34977578475336,45.806930693069305,23.168539325842698,4.688632619439868
2019-12-27,0.5861480075901329,26.79957356076759,32.35262206148282,60.211087420042645,34.75737704918033,58.53524804177545,30.70793650793651,3.640653357531761
2019-12-28,0.468167701863354,21.057692307692307,26.399700598802397,47.81643356643357,22.495945945945945,38.02469135802469,18.523952095808383,1.6636636636636637
2019-12-29,0.4662974683544303,18.443859649122807,21.53603603603604,40.3140350877193,14.604109589041096,30.61290322580645,15.241830065359476,1.5357686453576864
2019-12-30,0.4762658227848101,27.74390243902439,18.87462686567164,46.801393728223,14.320323014804844,28.7013698630137,11.802120141342757,1.4858420268256334
2019-12-31,0.5587378640776699,23.4430823117338,23.095952023988005,47.18739054290718,20.715832205683355,37.80569948186528,17.242603550295858,4.341500765696784
